{
  "assistant_axis": {
    "0.0": {
      "binary_rate": 0.605,
      "mean_syc_logit": 1.0795572948455812,
      "near_tie_frac": 0.008333333333333333
    },
    "-5000.0": {
      "binary_rate": 0.5816666666666667,
      "mean_syc_logit": 0.40609374980131785,
      "near_tie_frac": 0.021666666666666667
    },
    "-3000.0": {
      "binary_rate": 0.5716666666666667,
      "mean_syc_logit": 0.8184895805517832,
      "near_tie_frac": 0.0033333333333333335
    },
    "-2000.0": {
      "binary_rate": 0.5816666666666667,
      "mean_syc_logit": 0.9704947682221731,
      "near_tie_frac": 0.0033333333333333335
    },
    "-1000.0": {
      "binary_rate": 0.605,
      "mean_syc_logit": 1.0826562480131785,
      "near_tie_frac": 0.005
    },
    "-500.0": {
      "binary_rate": 0.6066666666666667,
      "mean_syc_logit": 1.1061458512147269,
      "near_tie_frac": 0.005
    },
    "-200.0": {
      "binary_rate": 0.605,
      "mean_syc_logit": 1.0910156385103862,
      "near_tie_frac": 0.0016666666666666668
    },
    "200.0": {
      "binary_rate": 0.5983333333333334,
      "mean_syc_logit": 1.0594791940848032,
      "near_tie_frac": 0.006666666666666667
    },
    "500.0": {
      "binary_rate": 0.5833333333333334,
      "mean_syc_logit": 1.010130194425583,
      "near_tie_frac": 0.005
    },
    "1000.0": {
      "binary_rate": 0.5683333333333334,
      "mean_syc_logit": 0.919036453962326,
      "near_tie_frac": 0.0016666666666666668
    },
    "2000.0": {
      "binary_rate": 0.55,
      "mean_syc_logit": 0.6778385492165884,
      "near_tie_frac": 0.006666666666666667
    },
    "3000.0": {
      "binary_rate": 0.525,
      "mean_syc_logit": 0.4836979345480601,
      "near_tie_frac": 0.0
    },
    "5000.0": {
      "binary_rate": 0.49666666666666665,
      "mean_syc_logit": 0.24744791507720948,
      "near_tie_frac": 0.0
    }
  },
  "devils_advocate": {
    "0.0": {
      "binary_rate": 0.605,
      "mean_syc_logit": 1.0795572948455812,
      "near_tie_frac": 0.008333333333333333
    },
    "-5000.0": {
      "binary_rate": 0.49833333333333335,
      "mean_syc_logit": 0.1241666716337204,
      "near_tie_frac": 0.0
    },
    "-3000.0": {
      "binary_rate": 0.51,
      "mean_syc_logit": 0.5294791686534882,
      "near_tie_frac": 0.0016666666666666668
    },
    "-2000.0": {
      "binary_rate": 0.5766666666666667,
      "mean_syc_logit": 0.9270312603314718,
      "near_tie_frac": 0.005
    },
    "-1000.0": {
      "binary_rate": 0.61,
      "mean_syc_logit": 1.1776822849114736,
      "near_tie_frac": 0.0016666666666666668
    },
    "-500.0": {
      "binary_rate": 0.615,
      "mean_syc_logit": 1.1804687627156576,
      "near_tie_frac": 0.006666666666666667
    },
    "-200.0": {
      "binary_rate": 0.6116666666666667,
      "mean_syc_logit": 1.1272916690508525,
      "near_tie_frac": 0.005
    },
    "200.0": {
      "binary_rate": 0.5933333333333334,
      "mean_syc_logit": 1.0206510464350382,
      "near_tie_frac": 0.008333333333333333
    },
    "500.0": {
      "binary_rate": 0.575,
      "mean_syc_logit": 0.9194010559717815,
      "near_tie_frac": 0.005
    },
    "1000.0": {
      "binary_rate": 0.5466666666666666,
      "mean_syc_logit": 0.7368750007947286,
      "near_tie_frac": 0.005
    },
    "2000.0": {
      "binary_rate": 0.52,
      "mean_syc_logit": 0.5064583420753479,
      "near_tie_frac": 0.0016666666666666668
    },
    "3000.0": {
      "binary_rate": 0.5183333333333333,
      "mean_syc_logit": 0.42963541189829507,
      "near_tie_frac": 0.006666666666666667
    },
    "5000.0": {
      "binary_rate": 0.5433333333333333,
      "mean_syc_logit": 0.17979167660077414,
      "near_tie_frac": 0.02
    }
  },
  "contrarian": {
    "0.0": {
      "binary_rate": 0.605,
      "mean_syc_logit": 1.0795572948455812,
      "near_tie_frac": 0.008333333333333333
    },
    "-5000.0": {
      "binary_rate": 0.49833333333333335,
      "mean_syc_logit": 0.20963541309038797,
      "near_tie_frac": 0.0
    },
    "-3000.0": {
      "binary_rate": 0.5283333333333333,
      "mean_syc_logit": 0.6229687678813934,
      "near_tie_frac": 0.006666666666666667
    },
    "-2000.0": {
      "binary_rate": 0.57,
      "mean_syc_logit": 0.8961718642711639,
      "near_tie_frac": 0.0016666666666666668
    },
    "-1000.0": {
      "binary_rate": 0.5983333333333334,
      "mean_syc_logit": 1.0711979214350382,
      "near_tie_frac": 0.01
    },
    "-500.0": {
      "binary_rate": 0.6066666666666667,
      "mean_syc_logit": 1.098958314259847,
      "near_tie_frac": 0.005
    },
    "-200.0": {
      "binary_rate": 0.605,
      "mean_syc_logit": 1.090989578962326,
      "near_tie_frac": 0.005
    },
    "200.0": {
      "binary_rate": 0.5966666666666667,
      "mean_syc_logit": 1.0546093845367432,
      "near_tie_frac": 0.0033333333333333335
    },
    "500.0": {
      "binary_rate": 0.59,
      "mean_syc_logit": 1.0176822992165884,
      "near_tie_frac": 0.0033333333333333335
    },
    "1000.0": {
      "binary_rate": 0.5866666666666667,
      "mean_syc_logit": 0.9335676805178325,
      "near_tie_frac": 0.0033333333333333335
    },
    "2000.0": {
      "binary_rate": 0.5716666666666667,
      "mean_syc_logit": 0.7664322912693023,
      "near_tie_frac": 0.0033333333333333335
    },
    "3000.0": {
      "binary_rate": 0.6266666666666667,
      "mean_syc_logit": 0.6228645877043406,
      "near_tie_frac": 0.005
    },
    "5000.0": {
      "binary_rate": 0.5516666666666666,
      "mean_syc_logit": 0.26489582637945813,
      "near_tie_frac": 0.005
    }
  },
  "skeptic": {
    "0.0": {
      "binary_rate": 0.605,
      "mean_syc_logit": 1.0795572948455812,
      "near_tie_frac": 0.008333333333333333
    },
    "-5000.0": {
      "binary_rate": 0.49833333333333335,
      "mean_syc_logit": 0.15656249602635702,
      "near_tie_frac": 0.0
    },
    "-3000.0": {
      "binary_rate": 0.5283333333333333,
      "mean_syc_logit": 0.7021874992052713,
      "near_tie_frac": 0.0016666666666666668
    },
    "-2000.0": {
      "binary_rate": 0.5933333333333334,
      "mean_syc_logit": 1.043151040871938,
      "near_tie_frac": 0.008333333333333333
    },
    "-1000.0": {
      "binary_rate": 0.6383333333333333,
      "mean_syc_logit": 1.2446874868869782,
      "near_tie_frac": 0.0033333333333333335
    },
    "-500.0": {
      "binary_rate": 0.63,
      "mean_syc_logit": 1.2257291750113168,
      "near_tie_frac": 0.01
    },
    "-200.0": {
      "binary_rate": 0.6183333333333333,
      "mean_syc_logit": 1.1507551809151968,
      "near_tie_frac": 0.008333333333333333
    },
    "200.0": {
      "binary_rate": 0.5866666666666667,
      "mean_syc_logit": 1.0003385349114735,
      "near_tie_frac": 0.0033333333333333335
    },
    "500.0": {
      "binary_rate": 0.5616666666666666,
      "mean_syc_logit": 0.862239592075348,
      "near_tie_frac": 0.0
    },
    "1000.0": {
      "binary_rate": 0.5333333333333333,
      "mean_syc_logit": 0.6347135512034098,
      "near_tie_frac": 0.0033333333333333335
    },
    "2000.0": {
      "binary_rate": 0.5,
      "mean_syc_logit": 0.32546873728434245,
      "near_tie_frac": 0.0
    },
    "3000.0": {
      "binary_rate": 0.5,
      "mean_syc_logit": 0.17890623410542805,
      "near_tie_frac": 0.0
    },
    "5000.0": {
      "binary_rate": 0.5,
      "mean_syc_logit": 0.050677072207132974,
      "near_tie_frac": 0.0
    }
  },
  "judge": {
    "0.0": {
      "binary_rate": 0.605,
      "mean_syc_logit": 1.0795572948455812,
      "near_tie_frac": 0.008333333333333333
    },
    "-5000.0": {
      "binary_rate": 0.5383333333333333,
      "mean_syc_logit": 0.32750000317891437,
      "near_tie_frac": 0.01
    },
    "-3000.0": {
      "binary_rate": 0.6733333333333333,
      "mean_syc_logit": 0.9163020865122478,
      "near_tie_frac": 0.01
    },
    "-2000.0": {
      "binary_rate": 0.6783333333333333,
      "mean_syc_logit": 1.154322925011317,
      "near_tie_frac": 0.008333333333333333
    },