{
  "names": [
    "assistant_axis",
    "devils_advocate",
    "contrarian",
    "skeptic",
    "judge",
    "scientist",
    "random"
  ],
  "matrix": [
    [
      1.0000007152557373,
      -0.6384544372558594,
      -0.8009458780288696,
      -0.27262410521507263,
      -0.5110020637512207,
      -0.07164140045642853,
      -0.025845861062407494
    ],
    [
      -0.6384544372558594,
      1.000000238418579,
      0.8834401965141296,
      0.6411426067352295,
      0.4334012269973755,
      0.11320042610168457,
      0.015220899134874344
    ],
    [
      -0.8009458780288696,
      0.8834401965141296,
      1.000000238418579,
      0.4101358652114868,
      0.3941420614719391,
      -0.05717085301876068,
      0.02313784696161747
    ],
    [
      -0.27262410521507263,
      0.6411426067352295,
      0.4101358652114868,
      1.0000003576278687,
      0.5146389603614807,
      0.6339761018753052,
      0.01731320284307003
    ],
    [
      -0.5110020637512207,
      0.4334012269973755,
      0.3941420614719391,
      0.5146389603614807,
      1.0000004768371582,
      0.5681216716766357,
      0.025314316153526306
    ],
    [
      -0.07164140045642853,
      0.11320042610168457,
      -0.05717085301876068,
      0.6339761018753052,
      0.5681216716766357,
      1.000000238418579,
      0.019725918769836426
    ],
    [
      -0.025845861062407494,
      0.015220899134874344,
      0.02313784696161747,
      0.01731320284307003,
      0.025314316153526306,
      0.019725918769836426,
      1.0000001192092896
    ]
  ],
  "target_layer": 22
}